MY_TARGET_ITEM_NAME,itemname_api,kindname_api,countyname_api,marketname_api,date,price_api,unit_api,REQUESTED_KINDNAME,REQ_ITEMCATCODE,REQ_ITEMCODE,REQ_KINDCODE,REQ_RANKCODE,REQ_COUNTRYCODE
배추,배추,월동(1포기),서울,경동,2025-01-15,6440,1kg,월동배추,200,211,06,04,1101
배추,배추,월동(1포기),서울,복조리,2025-01-15,7110,1kg,월동배추,200,211,06,04,1101
배추,배추,월동(1포기),서울,A-유통,2025-01-15,3190,1kg,월동배추,200,211,06,04,1101
배추,배추,월동(1포기),서울,B-유통,2025-01-15,4380,1kg,월동배추,200,211,06,04,1101
배추,배추,월동(1포기),서울,B`-유통,2025-01-15,3920,1kg,월동배추,200,211,06,04,1101
배추,배추,월동(1포기),서울,C-유통,2025-01-15,3820,1kg,월동배추,200,211,06,04,1101
배추,배추,월동(1포기),서울,E-유통,2025-01-15,3990,1kg,월동배추,200,211,06,04,1101
배추,배추,월동(1포기),서울,I-유통,2025-01-15,3980,1kg,월동배추,200,211,06,04,1101
배추,배추,월동(1포기),부산,부전,2025-01-15,6660,1kg,월동배추,200,211,06,04,1101
배추,배추,월동(1포기),부산,A-유통,2025-01-15,3190,1kg,월동배추,200,211,06,04,1101
배추,배추,월동(1포기),부산,D-유통,2025-01-15,6960,1kg,월동배추,200,211,06,04,1101
배추,배추,월동(1포기),부산,H-유통,2025-01-15,4960,1kg,월동배추,200,211,06,04,1101
배추,배추,월동(1포기),대구,칠성,2025-01-15,7000,1kg,월동배추,200,211,06,04,1101
배추,배추,월동(1포기),대구,A-유통,2025-01-15,3190,1kg,월동배추,200,211,06,04,1101
배추,배추,월동(1포기),대구,E-유통,2025-01-15,3990,1kg,월동배추,200,211,06,04,1101
배추,배추,월동(1포기),인천,현대,2025-01-15,7330,1kg,월동배추,200,211,06,04,1101
배추,배추,월동(1포기),인천,E-유통,2025-01-15,3990,1kg,월동배추,200,211,06,04,1101
배추,배추,월동(1포기),광주,양동,2025-01-15,6500,1kg,월동배추,200,211,06,04,1101
배추,배추,월동(1포기),광주,A-유통,2025-01-15,3190,1kg,월동배추,200,211,06,04,1101
배추,배추,월동(1포기),광주,E-유통,2025-01-15,3990,1kg,월동배추,200,211,06,04,1101
배추,배추,월동(1포기),대전,역전,2025-01-15,6580,1kg,월동배추,200,211,06,04,1101
배추,배추,월동(1포기),대전,A-유통,2025-01-15,3190,1kg,월동배추,200,211,06,04,1101
배추,배추,월동(1포기),대전,E-유통,2025-01-15,3990,1kg,월동배추,200,211,06,04,1101
배추,배추,월동(1포기),울산,신정,2025-01-15,6660,1kg,월동배추,200,211,06,04,1101
배추,배추,월동(1포기),울산,B-유통,2025-01-15,4380,1kg,월동배추,200,211,06,04,1101
배추,배추,월동(1포기),세종,C-유통,2025-01-15,3820,1kg,월동배추,200,211,06,04,1101
배추,배추,월동(1포기),수원,지동,2025-01-15,5330,1kg,월동배추,200,211,06,04,1101
배추,배추,월동(1포기),수원,B-유통,2025-01-15,4380,1kg,월동배추,200,211,06,04,1101
배추,배추,월동(1포기),성남,B-유통,2025-01-15,4380,1kg,월동배추,200,211,06,04,1101
배추,배추,월동(1포기),고양,B-유통,2025-01-15,4380,1kg,월동배추,200,211,06,04,1101
배추,배추,월동(1포기),용인,C-유통,2025-01-15,3820,1kg,월동배추,200,211,06,04,1101
배추,배추,월동(1포기),춘천,중앙,2025-01-15,7550,1kg,월동배추,200,211,06,04,1101
배추,배추,월동(1포기),강릉,A-유통,2025-01-15,3190,1kg,월동배추,200,211,06,04,1101
배추,배추,월동(1포기),청주,육거리,2025-01-15,6660,1kg,월동배추,200,211,06,04,1101
배추,배추,월동(1포기),청주,B-유통,2025-01-15,5580,1kg,월동배추,200,211,06,04,1101
배추,배추,월동(1포기),천안,C-유통,2025-01-15,3820,1kg,월동배추,200,211,06,04,1101
배추,배추,월동(1포기),전주,남부,2025-01-15,6550,1kg,월동배추,200,211,06,04,1101
배추,배추,월동(1포기),전주,C-유통,2025-01-15,3820,1kg,월동배추,200,211,06,04,1101
배추,배추,월동(1포기),순천,역전,2025-01-15,6550,1kg,월동배추,200,211,06,04,1101
배추,배추,월동(1포기),순천,A-유통,2025-01-15,3190,1kg,월동배추,200,211,06,04,1101
배추,배추,월동(1포기),포항,죽도,2025-01-15,6660,1kg,월동배추,200,211,06,04,1101
배추,배추,월동(1포기),포항,E-유통,2025-01-15,3990,1kg,월동배추,200,211,06,04,1101
배추,배추,월동(1포기),안동,C-유통,2025-01-15,3820,1kg,월동배추,200,211,06,04,1101
배추,배추,월동(1포기),창원,상남,2025-01-15,7160,1kg,월동배추,200,211,06,04,1101
배추,배추,월동(1포기),창원,C-유통,2025-01-15,3820,1kg,월동배추,200,211,06,04,1101
배추,배추,월동(1포기),김해,A-유통,2025-01-15,3190,1kg,월동배추,200,211,06,04,1101
배추,배추,월동(1포기),제주,동문,2025-01-15,7000,1kg,월동배추,200,211,06,04,1101
배추,배추,월동(1포기),제주,E-유통,2025-01-15,3990,1kg,월동배추,200,211,06,04,1101
배추,배추,월동(1포기),서울,경동,2025-01-16,6660,1kg,월동배추,200,211,06,04,1101
배추,배추,월동(1포기),서울,복조리,2025-01-16,7110,1kg,월동배추,200,211,06,04,1101
배추,배추,월동(1포기),서울,A-유통,2025-01-16,3190,1kg,월동배추,200,211,06,04,1101
배추,배추,월동(1포기),서울,B-유통,2025-01-16,5580,1kg,월동배추,200,211,06,04,1101
배추,배추,월동(1포기),서울,C-유통,2025-01-16,3660,1kg,월동배추,200,211,06,04,1101
배추,배추,월동(1포기),서울,E-유통,2025-01-16,3990,1kg,월동배추,200,211,06,04,1101
배추,배추,월동(1포기),서울,I-유통,2025-01-16,3980,1kg,월동배추,200,211,06,04,1101
배추,배추,월동(1포기),부산,부전,2025-01-16,6660,1kg,월동배추,200,211,06,04,1101
배추,배추,월동(1포기),부산,A-유통,2025-01-16,3190,1kg,월동배추,200,211,06,04,1101
배추,배추,월동(1포기),부산,D-유통,2025-01-16,6960,1kg,월동배추,200,211,06,04,1101
배추,배추,월동(1포기),부산,H-유통,2025-01-16,4960,1kg,월동배추,200,211,06,04,1101
배추,배추,월동(1포기),대구,칠성,2025-01-16,7000,1kg,월동배추,200,211,06,04,1101
배추,배추,월동(1포기),대구,A-유통,2025-01-16,3190,1kg,월동배추,200,211,06,04,1101
배추,배추,월동(1포기),대구,E-유통,2025-01-16,3990,1kg,월동배추,200,211,06,04,1101
배추,배추,월동(1포기),인천,현대,2025-01-16,7330,1kg,월동배추,200,211,06,04,1101
배추,배추,월동(1포기),인천,E-유통,2025-01-16,3990,1kg,월동배추,200,211,06,04,1101
배추,배추,월동(1포기),광주,양동,2025-01-16,6330,1kg,월동배추,200,211,06,04,1101
배추,배추,월동(1포기),광주,A-유통,2025-01-16,3190,1kg,월동배추,200,211,06,04,1101
배추,배추,월동(1포기),광주,E-유통,2025-01-16,3990,1kg,월동배추,200,211,06,04,1101
배추,배추,월동(1포기),대전,역전,2025-01-16,6580,1kg,월동배추,200,211,06,04,1101
배추,배추,월동(1포기),대전,A-유통,2025-01-16,3190,1kg,월동배추,200,211,06,04,1101
배추,배추,월동(1포기),대전,E-유통,2025-01-16,3990,1kg,월동배추,200,211,06,04,1101
배추,배추,월동(1포기),울산,신정,2025-01-16,6330,1kg,월동배추,200,211,06,04,1101
배추,배추,월동(1포기),울산,B-유통,2025-01-16,5580,1kg,월동배추,200,211,06,04,1101
배추,배추,월동(1포기),세종,C-유통,2025-01-16,3660,1kg,월동배추,200,211,06,04,1101
배추,배추,월동(1포기),수원,지동,2025-01-16,5330,1kg,월동배추,200,211,06,04,1101
배추,배추,월동(1포기),수원,B-유통,2025-01-16,5580,1kg,월동배추,200,211,06,04,1101
배추,배추,월동(1포기),성남,B-유통,2025-01-16,5580,1kg,월동배추,200,211,06,04,1101
배추,배추,월동(1포기),고양,B-유통,2025-01-16,5580,1kg,월동배추,200,211,06,04,1101
배추,배추,월동(1포기),용인,C-유통,2025-01-16,3660,1kg,월동배추,200,211,06,04,1101
배추,배추,월동(1포기),춘천,중앙,2025-01-16,7220,1kg,월동배추,200,211,06,04,1101
배추,배추,월동(1포기),강릉,A-유통,2025-01-16,3190,1kg,월동배추,200,211,06,04,1101
배추,배추,월동(1포기),청주,육거리,2025-01-16,6830,1kg,월동배추,200,211,06,04,1101
배추,배추,월동(1포기),청주,B-유통,2025-01-16,5580,1kg,월동배추,200,211,06,04,1101
배추,배추,월동(1포기),천안,C-유통,2025-01-16,3660,1kg,월동배추,200,211,06,04,1101
배추,배추,월동(1포기),전주,남부,2025-01-16,6220,1kg,월동배추,200,211,06,04,1101
배추,배추,월동(1포기),전주,C-유통,2025-01-16,3660,1kg,월동배추,200,211,06,04,1101
배추,배추,월동(1포기),순천,역전,2025-01-16,6440,1kg,월동배추,200,211,06,04,1101
배추,배추,월동(1포기),순천,A-유통,2025-01-16,3190,1kg,월동배추,200,211,06,04,1101
배추,배추,월동(1포기),포항,죽도,2025-01-16,6660,1kg,월동배추,200,211,06,04,1101
배추,배추,월동(1포기),포항,E-유통,2025-01-16,3990,1kg,월동배추,200,211,06,04,1101
배추,배추,월동(1포기),안동,C-유통,2025-01-16,3660,1kg,월동배추,200,211,06,04,1101
배추,배추,월동(1포기),창원,상남,2025-01-16,7160,1kg,월동배추,200,211,06,04,1101
배추,배추,월동(1포기),창원,C-유통,2025-01-16,3660,1kg,월동배추,200,211,06,04,1101
배추,배추,월동(1포기),김해,A-유통,2025-01-16,3190,1kg,월동배추,200,211,06,04,1101
배추,배추,월동(1포기),제주,동문,2025-01-16,7000,1kg,월동배추,200,211,06,04,1101
배추,배추,월동(1포기),제주,E-유통,2025-01-16,3990,1kg,월동배추,200,211,06,04,1101
무,무,월동(1개),서울,경동,2025-01-15,4660,1kg,월동무,200,231,06,04,1101
무,무,월동(1개),서울,복조리,2025-01-15,3660,1kg,월동무,200,231,06,04,1101
무,무,월동(1개),서울,A-유통,2025-01-15,2480,1kg,월동무,200,231,06,04,1101
무,무,월동(1개),서울,B-유통,2025-01-15,2950,1kg,월동무,200,231,06,04,1101
무,무,월동(1개),서울,B`-유통,2025-01-15,2960,1kg,월동무,200,231,06,04,1101
무,무,월동(1개),서울,C-유통,2025-01-15,2380,1kg,월동무,200,231,06,04,1101
무,무,월동(1개),서울,I-유통,2025-01-15,1970,1kg,월동무,200,231,06,04,1101
무,무,월동(1개),부산,부전,2025-01-15,3900,1kg,월동무,200,231,06,04,1101
무,무,월동(1개),부산,A-유통,2025-01-15,2480,1kg,월동무,200,231,06,04,1101
무,무,월동(1개),부산,H-유통,2025-01-15,2780,1kg,월동무,200,231,06,04,1101
무,무,월동(1개),대구,칠성,2025-01-15,4800,1kg,월동무,200,231,06,04,1101
무,무,월동(1개),대구,A-유통,2025-01-15,2480,1kg,월동무,200,231,06,04,1101
무,무,월동(1개),인천,현대,2025-01-15,4000,1kg,월동무,200,231,06,04,1101
무,무,월동(1개),광주,양동,2025-01-15,3660,1kg,월동무,200,231,06,04,1101
무,무,월동(1개),광주,A-유통,2025-01-15,2480,1kg,월동무,200,231,06,04,1101
무,무,월동(1개),대전,역전,2025-01-15,3000,1kg,월동무,200,231,06,04,1101
무,무,월동(1개),대전,A-유통,2025-01-15,2480,1kg,월동무,200,231,06,04,1101
무,무,월동(1개),울산,신정,2025-01-15,4660,1kg,월동무,200,231,06,04,1101
무,무,월동(1개),울산,B-유통,2025-01-15,3320,1kg,월동무,200,231,06,04,1101
무,무,월동(1개),세종,C-유통,2025-01-15,2380,1kg,월동무,200,231,06,04,1101
무,무,월동(1개),수원,지동,2025-01-15,3000,1kg,월동무,200,231,06,04,1101
무,무,월동(1개),수원,B-유통,2025-01-15,3320,1kg,월동무,200,231,06,04,1101
무,무,월동(1개),성남,B-유통,2025-01-15,3320,1kg,월동무,200,231,06,04,1101
무,무,월동(1개),고양,B-유통,2025-01-15,3340,1kg,월동무,200,231,06,04,1101
무,무,월동(1개),고양,J-유통,2025-01-15,3980,1kg,월동무,200,231,06,04,1101
무,무,월동(1개),용인,C-유통,2025-01-15,2380,1kg,월동무,200,231,06,04,1101
무,무,월동(1개),춘천,중앙,2025-01-15,3660,1kg,월동무,200,231,06,04,1101
무,무,월동(1개),강릉,A-유통,2025-01-15,2480,1kg,월동무,200,231,06,04,1101
무,무,월동(1개),청주,육거리,2025-01-15,4000,1kg,월동무,200,231,06,04,1101
무,무,월동(1개),청주,B-유통,2025-01-15,2950,1kg,월동무,200,231,06,04,1101
무,무,월동(1개),천안,C-유통,2025-01-15,2380,1kg,월동무,200,231,06,04,1101
무,무,월동(1개),전주,남부,2025-01-15,3830,1kg,월동무,200,231,06,04,1101
무,무,월동(1개),전주,C-유통,2025-01-15,2380,1kg,월동무,200,231,06,04,1101
무,무,월동(1개),순천,역전,2025-01-15,4000,1kg,월동무,200,231,06,04,1101
무,무,월동(1개),순천,A-유통,2025-01-15,2480,1kg,월동무,200,231,06,04,1101
무,무,월동(1개),포항,죽도,2025-01-15,4500,1kg,월동무,200,231,06,04,1101
무,무,월동(1개),안동,C-유통,2025-01-15,2380,1kg,월동무,200,231,06,04,1101
무,무,월동(1개),창원,상남,2025-01-15,4500,1kg,월동무,200,231,06,04,1101
무,무,월동(1개),창원,C-유통,2025-01-15,2380,1kg,월동무,200,231,06,04,1101
무,무,월동(1개),김해,A-유통,2025-01-15,2480,1kg,월동무,200,231,06,04,1101
무,무,월동(1개),제주,동문,2025-01-15,3000,1kg,월동무,200,231,06,04,1101
무,무,월동(1개),서울,경동,2025-01-16,4660,1kg,월동무,200,231,06,04,1101
무,무,월동(1개),서울,복조리,2025-01-16,3500,1kg,월동무,200,231,06,04,1101
무,무,월동(1개),서울,A-유통,2025-01-16,2480,1kg,월동무,200,231,06,04,1101
무,무,월동(1개),서울,B-유통,2025-01-16,2950,1kg,월동무,200,231,06,04,1101
무,무,월동(1개),서울,B`-유통,2025-01-16,2960,1kg,월동무,200,231,06,04,1101
무,무,월동(1개),서울,C-유통,2025-01-16,1980,1kg,월동무,200,231,06,04,1101
무,무,월동(1개),서울,I-유통,2025-01-16,1970,1kg,월동무,200,231,06,04,1101
무,무,월동(1개),부산,부전,2025-01-16,3900,1kg,월동무,200,231,06,04,1101
무,무,월동(1개),부산,A-유통,2025-01-16,2480,1kg,월동무,200,231,06,04,1101
무,무,월동(1개),부산,H-유통,2025-01-16,2780,1kg,월동무,200,231,06,04,1101
무,무,월동(1개),대구,칠성,2025-01-16,5000,1kg,월동무,200,231,06,04,1101
무,무,월동(1개),대구,A-유통,2025-01-16,2480,1kg,월동무,200,231,06,04,1101
무,무,월동(1개),인천,현대,2025-01-16,4000,1kg,월동무,200,231,06,04,1101
무,무,월동(1개),광주,양동,2025-01-16,3500,1kg,월동무,200,231,06,04,1101
무,무,월동(1개),광주,A-유통,2025-01-16,2480,1kg,월동무,200,231,06,04,1101
무,무,월동(1개),대전,역전,2025-01-16,3000,1kg,월동무,200,231,06,04,1101
무,무,월동(1개),대전,A-유통,2025-01-16,2480,1kg,월동무,200,231,06,04,1101
무,무,월동(1개),울산,신정,2025-01-16,4000,1kg,월동무,200,231,06,04,1101
무,무,월동(1개),울산,B-유통,2025-01-16,3420,1kg,월동무,200,231,06,04,1101
무,무,월동(1개),수원,지동,2025-01-16,3000,1kg,월동무,200,231,06,04,1101
무,무,월동(1개),수원,B-유통,2025-01-16,3420,1kg,월동무,200,231,06,04,1101
무,무,월동(1개),성남,B-유통,2025-01-16,3320,1kg,월동무,200,231,06,04,1101
무,무,월동(1개),고양,B-유통,2025-01-16,3320,1kg,월동무,200,231,06,04,1101
무,무,월동(1개),고양,J-유통,2025-01-16,3980,1kg,월동무,200,231,06,04,1101
무,무,월동(1개),춘천,중앙,2025-01-16,3660,1kg,월동무,200,231,06,04,1101
무,무,월동(1개),강릉,A-유통,2025-01-16,2480,1kg,월동무,200,231,06,04,1101
무,무,월동(1개),청주,육거리,2025-01-16,4000,1kg,월동무,200,231,06,04,1101
무,무,월동(1개),청주,B-유통,2025-01-16,2950,1kg,월동무,200,231,06,04,1101
무,무,월동(1개),천안,C-유통,2025-01-16,1980,1kg,월동무,200,231,06,04,1101
무,무,월동(1개),전주,남부,2025-01-16,3660,1kg,월동무,200,231,06,04,1101
무,무,월동(1개),순천,역전,2025-01-16,3660,1kg,월동무,200,231,06,04,1101
무,무,월동(1개),순천,A-유통,2025-01-16,2480,1kg,월동무,200,231,06,04,1101
무,무,월동(1개),포항,죽도,2025-01-16,4500,1kg,월동무,200,231,06,04,1101
무,무,월동(1개),안동,C-유통,2025-01-16,2380,1kg,월동무,200,231,06,04,1101
무,무,월동(1개),창원,상남,2025-01-16,4500,1kg,월동무,200,231,06,04,1101
무,무,월동(1개),창원,C-유통,2025-01-16,2380,1kg,월동무,200,231,06,04,1101
무,무,월동(1개),김해,A-유통,2025-01-16,2480,1kg,월동무,200,231,06,04,1101
무,무,월동(1개),제주,동문,2025-01-16,3000,1kg,월동무,200,231,06,04,1101
양파,양파,양파(1kg),서울,경동,2025-01-15,2370,1kg,양파(일반),200,245,00,04,1101
양파,양파,양파(1kg),서울,복조리,2025-01-15,2500,1kg,양파(일반),200,245,00,04,1101
양파,양파,양파(1kg),서울,A-유통,2025-01-15,1870,1kg,양파(일반),200,245,00,04,1101
양파,양파,양파(1kg),서울,B-유통,2025-01-15,1960,1kg,양파(일반),200,245,00,04,1101
양파,양파,양파(1kg),서울,B`-유통,2025-01-15,2260,1kg,양파(일반),200,245,00,04,1101
양파,양파,양파(1kg),서울,C-유통,2025-01-15,2200,1kg,양파(일반),200,245,00,04,1101
양파,양파,양파(1kg),서울,E-유통,2025-01-15,1910,1kg,양파(일반),200,245,00,04,1101
양파,양파,양파(1kg),서울,I-유통,2025-01-15,1980,1kg,양파(일반),200,245,00,04,1101
양파,양파,양파(1kg),서울,L-유통,2025-01-15,1590,1kg,양파(일반),200,245,00,04,1101
양파,양파,양파(1kg),부산,부전,2025-01-15,2300,1kg,양파(일반),200,245,00,04,1101
양파,양파,양파(1kg),부산,A-유통,2025-01-15,1870,1kg,양파(일반),200,245,00,04,1101
양파,양파,양파(1kg),부산,D-유통,2025-01-15,2060,1kg,양파(일반),200,245,00,04,1101
양파,양파,양파(1kg),부산,H-유통,2025-01-15,2480,1kg,양파(일반),200,245,00,04,1101
양파,양파,양파(1kg),대구,칠성,2025-01-15,1870,1kg,양파(일반),200,245,00,04,1101
양파,양파,양파(1kg),대구,A-유통,2025-01-15,1870,1kg,양파(일반),200,245,00,04,1101
양파,양파,양파(1kg),대구,E-유통,2025-01-15,1910,1kg,양파(일반),200,245,00,04,1101
양파,양파,양파(1kg),인천,현대,2025-01-15,2440,1kg,양파(일반),200,245,00,04,1101
양파,양파,양파(1kg),인천,E-유통,2025-01-15,1910,1kg,양파(일반),200,245,00,04,1101
양파,양파,양파(1kg),광주,양동,2025-01-15,2230,1kg,양파(일반),200,245,00,04,1101
양파,양파,양파(1kg),광주,A-유통,2025-01-15,1870,1kg,양파(일반),200,245,00,04,1101
양파,양파,양파(1kg),광주,E-유통,2025-01-15,1910,1kg,양파(일반),200,245,00,04,1101
양파,양파,양파(1kg),대전,역전,2025-01-15,1980,1kg,양파(일반),200,245,00,04,1101
양파,양파,양파(1kg),대전,A-유통,2025-01-15,1870,1kg,양파(일반),200,245,00,04,1101
양파,양파,양파(1kg),대전,E-유통,2025-01-15,1910,1kg,양파(일반),200,245,00,04,1101
양파,양파,양파(1kg),울산,신정,2025-01-15,2230,1kg,양파(일반),200,245,00,04,1101
양파,양파,양파(1kg),울산,B-유통,2025-01-15,2120,1kg,양파(일반),200,245,00,04,1101
양파,양파,양파(1kg),세종,C-유통,2025-01-15,2200,1kg,양파(일반),200,245,00,04,1101
양파,양파,양파(1kg),수원,지동,2025-01-15,2260,1kg,양파(일반),200,245,00,04,1101
양파,양파,양파(1kg),수원,B-유통,2025-01-15,2260,1kg,양파(일반),200,245,00,04,1101
양파,양파,양파(1kg),성남,B-유통,2025-01-15,2120,1kg,양파(일반),200,245,00,04,1101
양파,양파,양파(1kg),고양,B-유통,2025-01-15,2260,1kg,양파(일반),200,245,00,04,1101
양파,양파,양파(1kg),고양,J-유통,2025-01-15,2240,1kg,양파(일반),200,245,00,04,1101
양파,양파,양파(1kg),용인,C-유통,2025-01-15,2200,1kg,양파(일반),200,245,00,04,1101
양파,양파,양파(1kg),춘천,중앙,2025-01-15,2510,1kg,양파(일반),200,245,00,04,1101
양파,양파,양파(1kg),강릉,A-유통,2025-01-15,1870,1kg,양파(일반),200,245,00,04,1101
양파,양파,양파(1kg),청주,육거리,2025-01-15,2530,1kg,양파(일반),200,245,00,04,1101
양파,양파,양파(1kg),청주,B-유통,2025-01-15,2120,1kg,양파(일반),200,245,00,04,1101
양파,양파,양파(1kg),천안,C-유통,2025-01-15,2200,1kg,양파(일반),200,245,00,04,1101
양파,양파,양파(1kg),전주,남부,2025-01-15,2300,1kg,양파(일반),200,245,00,04,1101
양파,양파,양파(1kg),전주,C-유통,2025-01-15,2200,1kg,양파(일반),200,245,00,04,1101
양파,양파,양파(1kg),순천,역전,2025-01-15,2550,1kg,양파(일반),200,245,00,04,1101
양파,양파,양파(1kg),순천,A-유통,2025-01-15,1870,1kg,양파(일반),200,245,00,04,1101
양파,양파,양파(1kg),포항,죽도,2025-01-15,2320,1kg,양파(일반),200,245,00,04,1101
양파,양파,양파(1kg),포항,E-유통,2025-01-15,1910,1kg,양파(일반),200,245,00,04,1101
양파,양파,양파(1kg),안동,C-유통,2025-01-15,2200,1kg,양파(일반),200,245,00,04,1101
양파,양파,양파(1kg),창원,상남,2025-01-15,2430,1kg,양파(일반),200,245,00,04,1101
양파,양파,양파(1kg),창원,C-유통,2025-01-15,2200,1kg,양파(일반),200,245,00,04,1101
양파,양파,양파(1kg),김해,A-유통,2025-01-15,1870,1kg,양파(일반),200,245,00,04,1101
양파,양파,양파(1kg),제주,동문,2025-01-15,2160,1kg,양파(일반),200,245,00,04,1101
양파,양파,양파(1kg),제주,E-유통,2025-01-15,1910,1kg,양파(일반),200,245,00,04,1101
양파,양파,양파(1kg),서울,경동,2025-01-16,2370,1kg,양파(일반),200,245,00,04,1101
양파,양파,양파(1kg),서울,복조리,2025-01-16,2500,1kg,양파(일반),200,245,00,04,1101
양파,양파,양파(1kg),서울,A-유통,2025-01-16,2220,1kg,양파(일반),200,245,00,04,1101
양파,양파,양파(1kg),서울,B-유통,2025-01-16,1660,1kg,양파(일반),200,245,00,04,1101
양파,양파,양파(1kg),서울,B`-유통,2025-01-16,1240,1kg,양파(일반),200,245,00,04,1101
양파,양파,양파(1kg),서울,C-유통,2025-01-16,2200,1kg,양파(일반),200,245,00,04,1101
양파,양파,양파(1kg),서울,E-유통,2025-01-16,2100,1kg,양파(일반),200,245,00,04,1101
양파,양파,양파(1kg),서울,I-유통,2025-01-16,1980,1kg,양파(일반),200,245,00,04,1101
양파,양파,양파(1kg),서울,L-유통,2025-01-16,1590,1kg,양파(일반),200,245,00,04,1101
양파,양파,양파(1kg),부산,부전,2025-01-16,2300,1kg,양파(일반),200,245,00,04,1101
양파,양파,양파(1kg),부산,A-유통,2025-01-16,2220,1kg,양파(일반),200,245,00,04,1101
양파,양파,양파(1kg),부산,D-유통,2025-01-16,2060,1kg,양파(일반),200,245,00,04,1101
양파,양파,양파(1kg),부산,H-유통,2025-01-16,2480,1kg,양파(일반),200,245,00,04,1101
양파,양파,양파(1kg),대구,칠성,2025-01-16,1870,1kg,양파(일반),200,245,00,04,1101
양파,양파,양파(1kg),대구,A-유통,2025-01-16,2220,1kg,양파(일반),200,245,00,04,1101
양파,양파,양파(1kg),대구,E-유통,2025-01-16,2100,1kg,양파(일반),200,245,00,04,1101
양파,양파,양파(1kg),인천,현대,2025-01-16,2440,1kg,양파(일반),200,245,00,04,1101
양파,양파,양파(1kg),인천,E-유통,2025-01-16,2100,1kg,양파(일반),200,245,00,04,1101
양파,양파,양파(1kg),광주,양동,2025-01-16,2330,1kg,양파(일반),200,245,00,04,1101
양파,양파,양파(1kg),광주,A-유통,2025-01-16,2220,1kg,양파(일반),200,245,00,04,1101
양파,양파,양파(1kg),광주,E-유통,2025-01-16,2100,1kg,양파(일반),200,245,00,04,1101
양파,양파,양파(1kg),대전,역전,2025-01-16,2240,1kg,양파(일반),200,245,00,04,1101
양파,양파,양파(1kg),대전,A-유통,2025-01-16,2220,1kg,양파(일반),200,245,00,04,1101
양파,양파,양파(1kg),대전,E-유통,2025-01-16,2100,1kg,양파(일반),200,245,00,04,1101
양파,양파,양파(1kg),울산,신정,2025-01-16,2230,1kg,양파(일반),200,245,00,04,1101
양파,양파,양파(1kg),울산,B-유통,2025-01-16,1800,1kg,양파(일반),200,245,00,04,1101
양파,양파,양파(1kg),세종,C-유통,2025-01-16,2200,1kg,양파(일반),200,245,00,04,1101
양파,양파,양파(1kg),수원,지동,2025-01-16,2260,1kg,양파(일반),200,245,00,04,1101
양파,양파,양파(1kg),수원,B-유통,2025-01-16,2260,1kg,양파(일반),200,245,00,04,1101
양파,양파,양파(1kg),성남,B-유통,2025-01-16,1800,1kg,양파(일반),200,245,00,04,1101
양파,양파,양파(1kg),고양,B-유통,2025-01-16,1800,1kg,양파(일반),200,245,00,04,1101
양파,양파,양파(1kg),고양,J-유통,2025-01-16,2240,1kg,양파(일반),200,245,00,04,1101
양파,양파,양파(1kg),용인,C-유통,2025-01-16,2200,1kg,양파(일반),200,245,00,04,1101
양파,양파,양파(1kg),춘천,중앙,2025-01-16,2510,1kg,양파(일반),200,245,00,04,1101
양파,양파,양파(1kg),강릉,A-유통,2025-01-16,2220,1kg,양파(일반),200,245,00,04,1101
양파,양파,양파(1kg),청주,육거리,2025-01-16,2530,1kg,양파(일반),200,245,00,04,1101
양파,양파,양파(1kg),청주,B-유통,2025-01-16,1800,1kg,양파(일반),200,245,00,04,1101
양파,양파,양파(1kg),천안,C-유통,2025-01-16,2200,1kg,양파(일반),200,245,00,04,1101
양파,양파,양파(1kg),전주,남부,2025-01-16,2260,1kg,양파(일반),200,245,00,04,1101
양파,양파,양파(1kg),전주,C-유통,2025-01-16,2200,1kg,양파(일반),200,245,00,04,1101
양파,양파,양파(1kg),순천,역전,2025-01-16,2550,1kg,양파(일반),200,245,00,04,1101
양파,양파,양파(1kg),순천,A-유통,2025-01-16,2220,1kg,양파(일반),200,245,00,04,1101
양파,양파,양파(1kg),포항,죽도,2025-01-16,2320,1kg,양파(일반),200,245,00,04,1101
양파,양파,양파(1kg),포항,E-유통,2025-01-16,2100,1kg,양파(일반),200,245,00,04,1101
양파,양파,양파(1kg),안동,C-유통,2025-01-16,2200,1kg,양파(일반),200,245,00,04,1101
양파,양파,양파(1kg),창원,상남,2025-01-16,2430,1kg,양파(일반),200,245,00,04,1101
양파,양파,양파(1kg),창원,C-유통,2025-01-16,2200,1kg,양파(일반),200,245,00,04,1101
양파,양파,양파(1kg),김해,A-유통,2025-01-16,2220,1kg,양파(일반),200,245,00,04,1101
양파,양파,양파(1kg),제주,동문,2025-01-16,2160,1kg,양파(일반),200,245,00,04,1101
양파,양파,양파(1kg),제주,E-유통,2025-01-16,2100,1kg,양파(일반),200,245,00,04,1101
대파,파,대파(1kg),서울,경동,2025-01-15,3500,1kg,대파(일반),200,246,00,04,1101
대파,파,대파(1kg),서울,복조리,2025-01-15,2830,1kg,대파(일반),200,246,00,04,1101
대파,파,대파(1kg),서울,A-유통,2025-01-15,2960,1kg,대파(일반),200,246,00,04,1101
대파,파,대파(1kg),서울,B-유통,2025-01-15,2780,1kg,대파(일반),200,246,00,04,1101
대파,파,대파(1kg),서울,B`-유통,2025-01-15,2040,1kg,대파(일반),200,246,00,04,1101
대파,파,대파(1kg),서울,C-유통,2025-01-15,2480,1kg,대파(일반),200,246,00,04,1101
대파,파,대파(1kg),서울,E-유통,2025-01-15,5320,1kg,대파(일반),200,246,00,04,1101
대파,파,대파(1kg),서울,I-유통,2025-01-15,2900,1kg,대파(일반),200,246,00,04,1101
대파,파,대파(1kg),서울,L-유통,2025-01-15,4540,1kg,대파(일반),200,246,00,04,1101
대파,파,대파(1kg),부산,부전,2025-01-15,2960,1kg,대파(일반),200,246,00,04,1101
대파,파,대파(1kg),부산,A-유통,2025-01-15,2760,1kg,대파(일반),200,246,00,04,1101
대파,파,대파(1kg),부산,D-유통,2025-01-15,5320,1kg,대파(일반),200,246,00,04,1101
대파,파,대파(1kg),부산,H-유통,2025-01-15,4370,1kg,대파(일반),200,246,00,04,1101
대파,파,대파(1kg),대구,칠성,2025-01-15,3000,1kg,대파(일반),200,246,00,04,1101
대파,파,대파(1kg),대구,A-유통,2025-01-15,2510,1kg,대파(일반),200,246,00,04,1101
대파,파,대파(1kg),대구,E-유통,2025-01-15,5700,1kg,대파(일반),200,246,00,04,1101
대파,파,대파(1kg),인천,현대,2025-01-15,3270,1kg,대파(일반),200,246,00,04,1101
대파,파,대파(1kg),인천,E-유통,2025-01-15,5700,1kg,대파(일반),200,246,00,04,1101
대파,파,대파(1kg),광주,양동,2025-01-15,3130,1kg,대파(일반),200,246,00,04,1101
대파,파,대파(1kg),광주,A-유통,2025-01-15,2750,1kg,대파(일반),200,246,00,04,1101
대파,파,대파(1kg),광주,E-유통,2025-01-15,5700,1kg,대파(일반),200,246,00,04,1101
대파,파,대파(1kg),대전,역전,2025-01-15,4330,1kg,대파(일반),200,246,00,04,1101
대파,파,대파(1kg),대전,A-유통,2025-01-15,2960,1kg,대파(일반),200,246,00,04,1101
대파,파,대파(1kg),대전,E-유통,2025-01-15,5320,1kg,대파(일반),200,246,00,04,1101
대파,파,대파(1kg),울산,신정,2025-01-15,3060,1kg,대파(일반),200,246,00,04,1101
대파,파,대파(1kg),울산,B-유통,2025-01-15,2680,1kg,대파(일반),200,246,00,04,1101
대파,파,대파(1kg),세종,C-유통,2025-01-15,2480,1kg,대파(일반),200,246,00,04,1101
대파,파,대파(1kg),수원,지동,2025-01-15,3030,1kg,대파(일반),200,246,00,04,1101
대파,파,대파(1kg),수원,B-유통,2025-01-15,2980,1kg,대파(일반),200,246,00,04,1101
대파,파,대파(1kg),성남,B-유통,2025-01-15,2980,1kg,대파(일반),200,246,00,04,1101
대파,파,대파(1kg),고양,B-유통,2025-01-15,2980,1kg,대파(일반),200,246,00,04,1101
대파,파,대파(1kg),고양,J-유통,2025-01-15,2740,1kg,대파(일반),200,246,00,04,1101
대파,파,대파(1kg),용인,C-유통,2025-01-15,2480,1kg,대파(일반),200,246,00,04,1101
대파,파,대파(1kg),춘천,중앙,2025-01-15,3230,1kg,대파(일반),200,246,00,04,1101
대파,파,대파(1kg),강릉,A-유통,2025-01-15,2870,1kg,대파(일반),200,246,00,04,1101
대파,파,대파(1kg),청주,육거리,2025-01-15,3000,1kg,대파(일반),200,246,00,04,1101
대파,파,대파(1kg),청주,B-유통,2025-01-15,2980,1kg,대파(일반),200,246,00,04,1101
대파,파,대파(1kg),천안,C-유통,2025-01-15,2480,1kg,대파(일반),200,246,00,04,1101
대파,파,대파(1kg),전주,남부,2025-01-15,2750,1kg,대파(일반),200,246,00,04,1101
대파,파,대파(1kg),전주,C-유통,2025-01-15,2480,1kg,대파(일반),200,246,00,04,1101
대파,파,대파(1kg),순천,역전,2025-01-15,2930,1kg,대파(일반),200,246,00,04,1101
대파,파,대파(1kg),순천,A-유통,2025-01-15,2750,1kg,대파(일반),200,246,00,04,1101
대파,파,대파(1kg),포항,죽도,2025-01-15,3110,1kg,대파(일반),200,246,00,04,1101
대파,파,대파(1kg),포항,E-유통,2025-01-15,5320,1kg,대파(일반),200,246,00,04,1101
대파,파,대파(1kg),안동,C-유통,2025-01-15,2480,1kg,대파(일반),200,246,00,04,1101
대파,파,대파(1kg),창원,상남,2025-01-15,3160,1kg,대파(일반),200,246,00,04,1101
대파,파,대파(1kg),창원,C-유통,2025-01-15,2480,1kg,대파(일반),200,246,00,04,1101
대파,파,대파(1kg),김해,A-유통,2025-01-15,2930,1kg,대파(일반),200,246,00,04,1101
대파,파,대파(1kg),제주,동문,2025-01-15,3330,1kg,대파(일반),200,246,00,04,1101
대파,파,대파(1kg),제주,E-유통,2025-01-15,5700,1kg,대파(일반),200,246,00,04,1101
대파,파,대파(1kg),서울,경동,2025-01-16,3330,1kg,대파(일반),200,246,00,04,1101
대파,파,대파(1kg),서울,복조리,2025-01-16,2830,1kg,대파(일반),200,246,00,04,1101
대파,파,대파(1kg),서울,A-유통,2025-01-16,3240,1kg,대파(일반),200,246,00,04,1101
대파,파,대파(1kg),서울,B-유통,2025-01-16,1980,1kg,대파(일반),200,246,00,04,1101
대파,파,대파(1kg),서울,B`-유통,2025-01-16,1880,1kg,대파(일반),200,246,00,04,1101
대파,파,대파(1kg),서울,C-유통,2025-01-16,2480,1kg,대파(일반),200,246,00,04,1101
대파,파,대파(1kg),서울,E-유통,2025-01-16,3940,1kg,대파(일반),200,246,00,04,1101
대파,파,대파(1kg),서울,I-유통,2025-01-16,2900,1kg,대파(일반),200,246,00,04,1101
대파,파,대파(1kg),서울,L-유통,2025-01-16,4540,1kg,대파(일반),200,246,00,04,1101
대파,파,대파(1kg),부산,부전,2025-01-16,2960,1kg,대파(일반),200,246,00,04,1101
대파,파,대파(1kg),부산,A-유통,2025-01-16,3090,1kg,대파(일반),200,246,00,04,1101
대파,파,대파(1kg),부산,D-유통,2025-01-16,3980,1kg,대파(일반),200,246,00,04,1101
대파,파,대파(1kg),부산,H-유통,2025-01-16,4370,1kg,대파(일반),200,246,00,04,1101
대파,파,대파(1kg),대구,칠성,2025-01-16,3000,1kg,대파(일반),200,246,00,04,1101
대파,파,대파(1kg),대구,A-유통,2025-01-16,3090,1kg,대파(일반),200,246,00,04,1101
대파,파,대파(1kg),대구,E-유통,2025-01-16,3940,1kg,대파(일반),200,246,00,04,1101
대파,파,대파(1kg),인천,현대,2025-01-16,3270,1kg,대파(일반),200,246,00,04,1101
대파,파,대파(1kg),인천,E-유통,2025-01-16,3940,1kg,대파(일반),200,246,00,04,1101
대파,파,대파(1kg),광주,양동,2025-01-16,3130,1kg,대파(일반),200,246,00,04,1101
대파,파,대파(1kg),광주,A-유통,2025-01-16,3090,1kg,대파(일반),200,246,00,04,1101
대파,파,대파(1kg),광주,E-유통,2025-01-16,3940,1kg,대파(일반),200,246,00,04,1101
대파,파,대파(1kg),대전,역전,2025-01-16,3750,1kg,대파(일반),200,246,00,04,1101
대파,파,대파(1kg),대전,A-유통,2025-01-16,3240,1kg,대파(일반),200,246,00,04,1101
대파,파,대파(1kg),대전,E-유통,2025-01-16,3940,1kg,대파(일반),200,246,00,04,1101
대파,파,대파(1kg),울산,신정,2025-01-16,3060,1kg,대파(일반),200,246,00,04,1101
대파,파,대파(1kg),울산,B-유통,2025-01-16,2080,1kg,대파(일반),200,246,00,04,1101
대파,파,대파(1kg),세종,C-유통,2025-01-16,2480,1kg,대파(일반),200,246,00,04,1101
대파,파,대파(1kg),수원,지동,2025-01-16,3030,1kg,대파(일반),200,246,00,04,1101
대파,파,대파(1kg),수원,B-유통,2025-01-16,2080,1kg,대파(일반),200,246,00,04,1101
대파,파,대파(1kg),성남,B-유통,2025-01-16,2080,1kg,대파(일반),200,246,00,04,1101
대파,파,대파(1kg),고양,B-유통,2025-01-16,2080,1kg,대파(일반),200,246,00,04,1101
대파,파,대파(1kg),고양,J-유통,2025-01-16,2740,1kg,대파(일반),200,246,00,04,1101
대파,파,대파(1kg),용인,C-유통,2025-01-16,2480,1kg,대파(일반),200,246,00,04,1101
대파,파,대파(1kg),춘천,중앙,2025-01-16,3270,1kg,대파(일반),200,246,00,04,1101
대파,파,대파(1kg),강릉,A-유통,2025-01-16,3440,1kg,대파(일반),200,246,00,04,1101
대파,파,대파(1kg),청주,육거리,2025-01-16,3000,1kg,대파(일반),200,246,00,04,1101
대파,파,대파(1kg),청주,B-유통,2025-01-16,2080,1kg,대파(일반),200,246,00,04,1101
대파,파,대파(1kg),천안,C-유통,2025-01-16,2480,1kg,대파(일반),200,246,00,04,1101
대파,파,대파(1kg),전주,남부,2025-01-16,2750,1kg,대파(일반),200,246,00,04,1101
대파,파,대파(1kg),전주,C-유통,2025-01-16,2480,1kg,대파(일반),200,246,00,04,1101
대파,파,대파(1kg),순천,역전,2025-01-16,2930,1kg,대파(일반),200,246,00,04,1101
대파,파,대파(1kg),순천,A-유통,2025-01-16,3280,1kg,대파(일반),200,246,00,04,1101
대파,파,대파(1kg),포항,죽도,2025-01-16,3110,1kg,대파(일반),200,246,00,04,1101
대파,파,대파(1kg),포항,E-유통,2025-01-16,3940,1kg,대파(일반),200,246,00,04,1101
대파,파,대파(1kg),안동,C-유통,2025-01-16,2480,1kg,대파(일반),200,246,00,04,1101
대파,파,대파(1kg),창원,상남,2025-01-16,3160,1kg,대파(일반),200,246,00,04,1101
대파,파,대파(1kg),창원,C-유통,2025-01-16,2480,1kg,대파(일반),200,246,00,04,1101
대파,파,대파(1kg),김해,A-유통,2025-01-16,3090,1kg,대파(일반),200,246,00,04,1101
대파,파,대파(1kg),제주,동문,2025-01-16,3330,1kg,대파(일반),200,246,00,04,1101
대파,파,대파(1kg),제주,E-유통,2025-01-16,3940,1kg,대파(일반),200,246,00,04,1101
홍고추,붉은고추,붉은고추(1kg),서울,경동,2025-01-15,24100,1kg,홍고추(일반),200,243,00,04,1101
홍고추,붉은고추,붉은고추(1kg),서울,복조리,2025-01-15,31800,1kg,홍고추(일반),200,243,00,04,1101
홍고추,붉은고추,붉은고추(1kg),서울,A-유통,2025-01-15,37400,1kg,홍고추(일반),200,243,00,04,1101
홍고추,붉은고추,붉은고추(1kg),서울,B-유통,2025-01-15,33200,1kg,홍고추(일반),200,243,00,04,1101
홍고추,붉은고추,붉은고추(1kg),서울,B`-유통,2025-01-15,14800,1kg,홍고추(일반),200,243,00,04,1101
홍고추,붉은고추,붉은고추(1kg),서울,C-유통,2025-01-15,33200,1kg,홍고추(일반),200,243,00,04,1101
홍고추,붉은고추,붉은고추(1kg),서울,E-유통,2025-01-15,62300,1kg,홍고추(일반),200,243,00,04,1101
홍고추,붉은고추,붉은고추(1kg),서울,I-유통,2025-01-15,45200,1kg,홍고추(일반),200,243,00,04,1101
홍고추,붉은고추,붉은고추(1kg),부산,부전,2025-01-15,18000,1kg,홍고추(일반),200,243,00,04,1101
홍고추,붉은고추,붉은고추(1kg),부산,A-유통,2025-01-15,37400,1kg,홍고추(일반),200,243,00,04,1101
홍고추,붉은고추,붉은고추(1kg),부산,D-유통,2025-01-15,36600,1kg,홍고추(일반),200,243,00,04,1101
홍고추,붉은고추,붉은고추(1kg),부산,H-유통,2025-01-15,25800,1kg,홍고추(일반),200,243,00,04,1101
홍고추,붉은고추,붉은고추(1kg),대구,칠성,2025-01-15,20000,1kg,홍고추(일반),200,243,00,04,1101
홍고추,붉은고추,붉은고추(1kg),대구,A-유통,2025-01-15,37400,1kg,홍고추(일반),200,243,00,04,1101
홍고추,붉은고추,붉은고추(1kg),대구,E-유통,2025-01-15,62300,1kg,홍고추(일반),200,243,00,04,1101
홍고추,붉은고추,붉은고추(1kg),인천,현대,2025-01-15,26600,1kg,홍고추(일반),200,243,00,04,1101
홍고추,붉은고추,붉은고추(1kg),인천,E-유통,2025-01-15,62300,1kg,홍고추(일반),200,243,00,04,1101
홍고추,붉은고추,붉은고추(1kg),광주,양동,2025-01-15,19500,1kg,홍고추(일반),200,243,00,04,1101
홍고추,붉은고추,붉은고추(1kg),광주,A-유통,2025-01-15,37400,1kg,홍고추(일반),200,243,00,04,1101
홍고추,붉은고추,붉은고추(1kg),광주,E-유통,2025-01-15,62300,1kg,홍고추(일반),200,243,00,04,1101
홍고추,붉은고추,붉은고추(1kg),대전,A-유통,2025-01-15,37400,1kg,홍고추(일반),200,243,00,04,1101
홍고추,붉은고추,붉은고추(1kg),대전,E-유통,2025-01-15,62300,1kg,홍고추(일반),200,243,00,04,1101
홍고추,붉은고추,붉은고추(1kg),울산,신정,2025-01-15,23600,1kg,홍고추(일반),200,243,00,04,1101
홍고추,붉은고추,붉은고추(1kg),울산,B-유통,2025-01-15,33200,1kg,홍고추(일반),200,243,00,04,1101
홍고추,붉은고추,붉은고추(1kg),세종,C-유통,2025-01-15,33200,1kg,홍고추(일반),200,243,00,04,1101
홍고추,붉은고추,붉은고추(1kg),수원,지동,2025-01-15,21200,1kg,홍고추(일반),200,243,00,04,1101
홍고추,붉은고추,붉은고추(1kg),수원,B-유통,2025-01-15,32400,1kg,홍고추(일반),200,243,00,04,1101
홍고추,붉은고추,붉은고추(1kg),성남,B-유통,2025-01-15,33700,1kg,홍고추(일반),200,243,00,04,1101
홍고추,붉은고추,붉은고추(1kg),고양,B-유통,2025-01-15,33200,1kg,홍고추(일반),200,243,00,04,1101
홍고추,붉은고추,붉은고추(1kg),용인,C-유통,2025-01-15,33200,1kg,홍고추(일반),200,243,00,04,1101
홍고추,붉은고추,붉은고추(1kg),춘천,중앙,2025-01-15,12200,1kg,홍고추(일반),200,243,00,04,1101
홍고추,붉은고추,붉은고추(1kg),강릉,A-유통,2025-01-15,37400,1kg,홍고추(일반),200,243,00,04,1101
홍고추,붉은고추,붉은고추(1kg),청주,육거리,2025-01-15,28300,1kg,홍고추(일반),200,243,00,04,1101
홍고추,붉은고추,붉은고추(1kg),청주,B-유통,2025-01-15,36500,1kg,홍고추(일반),200,243,00,04,1101
홍고추,붉은고추,붉은고추(1kg),천안,C-유통,2025-01-15,33200,1kg,홍고추(일반),200,243,00,04,1101
홍고추,붉은고추,붉은고추(1kg),전주,남부,2025-01-15,21600,1kg,홍고추(일반),200,243,00,04,1101
홍고추,붉은고추,붉은고추(1kg),전주,C-유통,2025-01-15,33200,1kg,홍고추(일반),200,243,00,04,1101
홍고추,붉은고추,붉은고추(1kg),순천,역전,2025-01-15,22300,1kg,홍고추(일반),200,243,00,04,1101
홍고추,붉은고추,붉은고추(1kg),순천,A-유통,2025-01-15,37400,1kg,홍고추(일반),200,243,00,04,1101
홍고추,붉은고추,붉은고추(1kg),포항,죽도,2025-01-15,19600,1kg,홍고추(일반),200,243,00,04,1101
홍고추,붉은고추,붉은고추(1kg),포항,E-유통,2025-01-15,62300,1kg,홍고추(일반),200,243,00,04,1101
홍고추,붉은고추,붉은고추(1kg),안동,C-유통,2025-01-15,33200,1kg,홍고추(일반),200,243,00,04,1101
홍고추,붉은고추,붉은고추(1kg),창원,상남,2025-01-15,21500,1kg,홍고추(일반),200,243,00,04,1101
홍고추,붉은고추,붉은고추(1kg),창원,C-유통,2025-01-15,33200,1kg,홍고추(일반),200,243,00,04,1101
홍고추,붉은고추,붉은고추(1kg),김해,A-유통,2025-01-15,37400,1kg,홍고추(일반),200,243,00,04,1101
홍고추,붉은고추,붉은고추(1kg),제주,동문,2025-01-15,20000,1kg,홍고추(일반),200,243,00,04,1101
홍고추,붉은고추,붉은고추(1kg),제주,E-유통,2025-01-15,33200,1kg,홍고추(일반),200,243,00,04,1101
홍고추,붉은고추,붉은고추(1kg),서울,경동,2025-01-16,21600,1kg,홍고추(일반),200,243,00,04,1101
홍고추,붉은고추,붉은고추(1kg),서울,복조리,2025-01-16,34700,1kg,홍고추(일반),200,243,00,04,1101
홍고추,붉은고추,붉은고추(1kg),서울,A-유통,2025-01-16,24900,1kg,홍고추(일반),200,243,00,04,1101
홍고추,붉은고추,붉은고추(1kg),서울,B-유통,2025-01-16,21200,1kg,홍고추(일반),200,243,00,04,1101
홍고추,붉은고추,붉은고추(1kg),서울,B`-유통,2025-01-16,14800,1kg,홍고추(일반),200,243,00,04,1101
홍고추,붉은고추,붉은고추(1kg),서울,C-유통,2025-01-16,26500,1kg,홍고추(일반),200,243,00,04,1101
홍고추,붉은고추,붉은고추(1kg),서울,E-유통,2025-01-16,62300,1kg,홍고추(일반),200,243,00,04,1101
홍고추,붉은고추,붉은고추(1kg),서울,I-유통,2025-01-16,31600,1kg,홍고추(일반),200,243,00,04,1101
홍고추,붉은고추,붉은고추(1kg),부산,부전,2025-01-16,17200,1kg,홍고추(일반),200,243,00,04,1101
홍고추,붉은고추,붉은고추(1kg),부산,A-유통,2025-01-16,24900,1kg,홍고추(일반),200,243,00,04,1101
홍고추,붉은고추,붉은고추(1kg),부산,D-유통,2025-01-16,22400,1kg,홍고추(일반),200,243,00,04,1101
홍고추,붉은고추,붉은고추(1kg),부산,H-유통,2025-01-16,25800,1kg,홍고추(일반),200,243,00,04,1101
홍고추,붉은고추,붉은고추(1kg),대구,칠성,2025-01-16,20000,1kg,홍고추(일반),200,243,00,04,1101
홍고추,붉은고추,붉은고추(1kg),대구,A-유통,2025-01-16,24900,1kg,홍고추(일반),200,243,00,04,1101
홍고추,붉은고추,붉은고추(1kg),대구,E-유통,2025-01-16,62300,1kg,홍고추(일반),200,243,00,04,1101
홍고추,붉은고추,붉은고추(1kg),인천,현대,2025-01-16,28300,1kg,홍고추(일반),200,243,00,04,1101
홍고추,붉은고추,붉은고추(1kg),인천,E-유통,2025-01-16,62300,1kg,홍고추(일반),200,243,00,04,1101
홍고추,붉은고추,붉은고추(1kg),광주,양동,2025-01-16,20000,1kg,홍고추(일반),200,243,00,04,1101
홍고추,붉은고추,붉은고추(1kg),광주,A-유통,2025-01-16,24900,1kg,홍고추(일반),200,243,00,04,1101
홍고추,붉은고추,붉은고추(1kg),광주,E-유통,2025-01-16,62300,1kg,홍고추(일반),200,243,00,04,1101
홍고추,붉은고추,붉은고추(1kg),대전,A-유통,2025-01-16,24900,1kg,홍고추(일반),200,243,00,04,1101
홍고추,붉은고추,붉은고추(1kg),대전,E-유통,2025-01-16,62300,1kg,홍고추(일반),200,243,00,04,1101
홍고추,붉은고추,붉은고추(1kg),울산,신정,2025-01-16,23600,1kg,홍고추(일반),200,243,00,04,1101
홍고추,붉은고추,붉은고추(1kg),울산,B-유통,2025-01-16,33200,1kg,홍고추(일반),200,243,00,04,1101
홍고추,붉은고추,붉은고추(1kg),세종,C-유통,2025-01-16,26500,1kg,홍고추(일반),200,243,00,04,1101
홍고추,붉은고추,붉은고추(1kg),수원,지동,2025-01-16,21200,1kg,홍고추(일반),200,243,00,04,1101
홍고추,붉은고추,붉은고추(1kg),수원,B-유통,2025-01-16,21200,1kg,홍고추(일반),200,243,00,04,1101
홍고추,붉은고추,붉은고추(1kg),성남,B-유통,2025-01-16,33700,1kg,홍고추(일반),200,243,00,04,1101
홍고추,붉은고추,붉은고추(1kg),고양,B-유통,2025-01-16,23800,1kg,홍고추(일반),200,243,00,04,1101
홍고추,붉은고추,붉은고추(1kg),용인,C-유통,2025-01-16,26500,1kg,홍고추(일반),200,243,00,04,1101
홍고추,붉은고추,붉은고추(1kg),춘천,중앙,2025-01-16,12200,1kg,홍고추(일반),200,243,00,04,1101
홍고추,붉은고추,붉은고추(1kg),강릉,A-유통,2025-01-16,24900,1kg,홍고추(일반),200,243,00,04,1101
홍고추,붉은고추,붉은고추(1kg),청주,육거리,2025-01-16,28300,1kg,홍고추(일반),200,243,00,04,1101
홍고추,붉은고추,붉은고추(1kg),청주,B-유통,2025-01-16,36500,1kg,홍고추(일반),200,243,00,04,1101
홍고추,붉은고추,붉은고추(1kg),천안,C-유통,2025-01-16,26500,1kg,홍고추(일반),200,243,00,04,1101
홍고추,붉은고추,붉은고추(1kg),전주,남부,2025-01-16,21000,1kg,홍고추(일반),200,243,00,04,1101
홍고추,붉은고추,붉은고추(1kg),전주,C-유통,2025-01-16,26500,1kg,홍고추(일반),200,243,00,04,1101
홍고추,붉은고추,붉은고추(1kg),순천,역전,2025-01-16,22300,1kg,홍고추(일반),200,243,00,04,1101
홍고추,붉은고추,붉은고추(1kg),순천,A-유통,2025-01-16,24900,1kg,홍고추(일반),200,243,00,04,1101
홍고추,붉은고추,붉은고추(1kg),포항,죽도,2025-01-16,19600,1kg,홍고추(일반),200,243,00,04,1101
홍고추,붉은고추,붉은고추(1kg),포항,E-유통,2025-01-16,62300,1kg,홍고추(일반),200,243,00,04,1101
홍고추,붉은고추,붉은고추(1kg),안동,C-유통,2025-01-16,26500,1kg,홍고추(일반),200,243,00,04,1101
홍고추,붉은고추,붉은고추(1kg),창원,상남,2025-01-16,21100,1kg,홍고추(일반),200,243,00,04,1101
홍고추,붉은고추,붉은고추(1kg),창원,C-유통,2025-01-16,26500,1kg,홍고추(일반),200,243,00,04,1101
홍고추,붉은고추,붉은고추(1kg),김해,A-유통,2025-01-16,24900,1kg,홍고추(일반),200,243,00,04,1101
홍고추,붉은고추,붉은고추(1kg),제주,동문,2025-01-16,20000,1kg,홍고추(일반),200,243,00,04,1101
홍고추,붉은고추,붉은고추(1kg),제주,E-유통,2025-01-16,33200,1kg,홍고추(일반),200,243,00,04,1101
깻잎,깻잎,깻잎(1kg),서울,경동,2025-01-15,21000,1kg,깻잎(일반),200,253,00,04,1101
깻잎,깻잎,깻잎(1kg),서울,복조리,2025-01-15,24600,1kg,깻잎(일반),200,253,00,04,1101
깻잎,깻잎,깻잎(1kg),서울,A-유통,2025-01-15,37300,1kg,깻잎(일반),200,253,00,04,1101
깻잎,깻잎,깻잎(1kg),서울,B-유통,2025-01-15,31800,1kg,깻잎(일반),200,253,00,04,1101
깻잎,깻잎,깻잎(1kg),서울,B`-유통,2025-01-15,22000,1kg,깻잎(일반),200,253,00,04,1101
깻잎,깻잎,깻잎(1kg),서울,C-유통,2025-01-15,35400,1kg,깻잎(일반),200,253,00,04,1101
깻잎,깻잎,깻잎(1kg),서울,E-유통,2025-01-15,49800,1kg,깻잎(일반),200,253,00,04,1101
깻잎,깻잎,깻잎(1kg),서울,I-유통,2025-01-15,49800,1kg,깻잎(일반),200,253,00,04,1101
깻잎,깻잎,깻잎(1kg),서울,L-유통,2025-01-15,35300,1kg,깻잎(일반),200,253,00,04,1101
깻잎,깻잎,깻잎(1kg),부산,부전,2025-01-15,16600,1kg,깻잎(일반),200,253,00,04,1101
깻잎,깻잎,깻잎(1kg),부산,A-유통,2025-01-15,37300,1kg,깻잎(일반),200,253,00,04,1101
깻잎,깻잎,깻잎(1kg),부산,D-유통,2025-01-15,24900,1kg,깻잎(일반),200,253,00,04,1101
깻잎,깻잎,깻잎(1kg),부산,H-유통,2025-01-15,28200,1kg,깻잎(일반),200,253,00,04,1101
깻잎,깻잎,깻잎(1kg),대구,칠성,2025-01-15,14300,1kg,깻잎(일반),200,253,00,04,1101
깻잎,깻잎,깻잎(1kg),대구,A-유통,2025-01-15,37300,1kg,깻잎(일반),200,253,00,04,1101
깻잎,깻잎,깻잎(1kg),대구,E-유통,2025-01-15,49800,1kg,깻잎(일반),200,253,00,04,1101
깻잎,깻잎,깻잎(1kg),인천,현대,2025-01-15,20700,1kg,깻잎(일반),200,253,00,04,1101
깻잎,깻잎,깻잎(1kg),인천,E-유통,2025-01-15,39800,1kg,깻잎(일반),200,253,00,04,1101
깻잎,깻잎,깻잎(1kg),광주,양동,2025-01-15,20000,1kg,깻잎(일반),200,253,00,04,1101
깻잎,깻잎,깻잎(1kg),광주,A-유통,2025-01-15,37300,1kg,깻잎(일반),200,253,00,04,1101
깻잎,깻잎,깻잎(1kg),광주,E-유통,2025-01-15,49800,1kg,깻잎(일반),200,253,00,04,1101
깻잎,깻잎,깻잎(1kg),대전,역전,2025-01-15,13700,1kg,깻잎(일반),200,253,00,04,1101
깻잎,깻잎,깻잎(1kg),대전,A-유통,2025-01-15,37300,1kg,깻잎(일반),200,253,00,04,1101
깻잎,깻잎,깻잎(1kg),대전,E-유통,2025-01-15,49800,1kg,깻잎(일반),200,253,00,04,1101
깻잎,깻잎,깻잎(1kg),울산,신정,2025-01-15,17300,1kg,깻잎(일반),200,253,00,04,1101
깻잎,깻잎,깻잎(1kg),울산,B-유통,2025-01-15,22800,1kg,깻잎(일반),200,253,00,04,1101
깻잎,깻잎,깻잎(1kg),세종,C-유통,2025-01-15,24700,1kg,깻잎(일반),200,253,00,04,1101
깻잎,깻잎,깻잎(1kg),수원,지동,2025-01-15,20300,1kg,깻잎(일반),200,253,00,04,1101
깻잎,깻잎,깻잎(1kg),수원,B-유통,2025-01-15,24000,1kg,깻잎(일반),200,253,00,04,1101
깻잎,깻잎,깻잎(1kg),성남,B-유통,2025-01-15,26800,1kg,깻잎(일반),200,253,00,04,1101
깻잎,깻잎,깻잎(1kg),고양,B-유통,2025-01-15,33800,1kg,깻잎(일반),200,253,00,04,1101
깻잎,깻잎,깻잎(1kg),고양,J-유통,2025-01-15,33200,1kg,깻잎(일반),200,253,00,04,1101
깻잎,깻잎,깻잎(1kg),용인,C-유통,2025-01-15,24700,1kg,깻잎(일반),200,253,00,04,1101
깻잎,깻잎,깻잎(1kg),춘천,중앙,2025-01-15,29100,1kg,깻잎(일반),200,253,00,04,1101
깻잎,깻잎,깻잎(1kg),강릉,A-유통,2025-01-15,37300,1kg,깻잎(일반),200,253,00,04,1101
깻잎,깻잎,깻잎(1kg),청주,육거리,2025-01-15,24000,1kg,깻잎(일반),200,253,00,04,1101
깻잎,깻잎,깻잎(1kg),청주,B-유통,2025-01-15,28500,1kg,깻잎(일반),200,253,00,04,1101
깻잎,깻잎,깻잎(1kg),천안,C-유통,2025-01-15,24700,1kg,깻잎(일반),200,253,00,04,1101
깻잎,깻잎,깻잎(1kg),전주,남부,2025-01-15,18100,1kg,깻잎(일반),200,253,00,04,1101
깻잎,깻잎,깻잎(1kg),전주,C-유통,2025-01-15,28200,1kg,깻잎(일반),200,253,00,04,1101
깻잎,깻잎,깻잎(1kg),순천,역전,2025-01-15,21600,1kg,깻잎(일반),200,253,00,04,1101
깻잎,깻잎,깻잎(1kg),순천,A-유통,2025-01-15,37300,1kg,깻잎(일반),200,253,00,04,1101
깻잎,깻잎,깻잎(1kg),포항,죽도,2025-01-15,20000,1kg,깻잎(일반),200,253,00,04,1101
깻잎,깻잎,깻잎(1kg),포항,E-유통,2025-01-15,49800,1kg,깻잎(일반),200,253,00,04,1101
깻잎,깻잎,깻잎(1kg),안동,C-유통,2025-01-15,24700,1kg,깻잎(일반),200,253,00,04,1101
깻잎,깻잎,깻잎(1kg),창원,상남,2025-01-15,22400,1kg,깻잎(일반),200,253,00,04,1101
깻잎,깻잎,깻잎(1kg),창원,C-유통,2025-01-15,28200,1kg,깻잎(일반),200,253,00,04,1101
깻잎,깻잎,깻잎(1kg),김해,A-유통,2025-01-15,37300,1kg,깻잎(일반),200,253,00,04,1101
깻잎,깻잎,깻잎(1kg),제주,동문,2025-01-15,23300,1kg,깻잎(일반),200,253,00,04,1101
깻잎,깻잎,깻잎(1kg),제주,E-유통,2025-01-15,42700,1kg,깻잎(일반),200,253,00,04,1101
깻잎,깻잎,깻잎(1kg),서울,경동,2025-01-16,21000,1kg,깻잎(일반),200,253,00,04,1101
깻잎,깻잎,깻잎(1kg),서울,복조리,2025-01-16,24600,1kg,깻잎(일반),200,253,00,04,1101
깻잎,깻잎,깻잎(1kg),서울,A-유통,2025-01-16,37300,1kg,깻잎(일반),200,253,00,04,1101
깻잎,깻잎,깻잎(1kg),서울,B-유통,2025-01-16,31800,1kg,깻잎(일반),200,253,00,04,1101
깻잎,깻잎,깻잎(1kg),서울,B`-유통,2025-01-16,22000,1kg,깻잎(일반),200,253,00,04,1101
깻잎,깻잎,깻잎(1kg),서울,C-유통,2025-01-16,35400,1kg,깻잎(일반),200,253,00,04,1101
깻잎,깻잎,깻잎(1kg),서울,E-유통,2025-01-16,51500,1kg,깻잎(일반),200,253,00,04,1101
깻잎,깻잎,깻잎(1kg),서울,I-유통,2025-01-16,49800,1kg,깻잎(일반),200,253,00,04,1101
깻잎,깻잎,깻잎(1kg),서울,L-유통,2025-01-16,35300,1kg,깻잎(일반),200,253,00,04,1101
깻잎,깻잎,깻잎(1kg),부산,부전,2025-01-16,16600,1kg,깻잎(일반),200,253,00,04,1101
깻잎,깻잎,깻잎(1kg),부산,A-유통,2025-01-16,37300,1kg,깻잎(일반),200,253,00,04,1101
깻잎,깻잎,깻잎(1kg),부산,D-유통,2025-01-16,22100,1kg,깻잎(일반),200,253,00,04,1101
깻잎,깻잎,깻잎(1kg),부산,H-유통,2025-01-16,28200,1kg,깻잎(일반),200,253,00,04,1101
깻잎,깻잎,깻잎(1kg),대구,칠성,2025-01-16,14300,1kg,깻잎(일반),200,253,00,04,1101
깻잎,깻잎,깻잎(1kg),대구,A-유통,2025-01-16,37300,1kg,깻잎(일반),200,253,00,04,1101
깻잎,깻잎,깻잎(1kg),대구,E-유통,2025-01-16,49800,1kg,깻잎(일반),200,253,00,04,1101
깻잎,깻잎,깻잎(1kg),인천,현대,2025-01-16,20700,1kg,깻잎(일반),200,253,00,04,1101
깻잎,깻잎,깻잎(1kg),인천,E-유통,2025-01-16,45800,1kg,깻잎(일반),200,253,00,04,1101
깻잎,깻잎,깻잎(1kg),광주,양동,2025-01-16,20000,1kg,깻잎(일반),200,253,00,04,1101
깻잎,깻잎,깻잎(1kg),광주,A-유통,2025-01-16,37300,1kg,깻잎(일반),200,253,00,04,1101
깻잎,깻잎,깻잎(1kg),광주,E-유통,2025-01-16,49800,1kg,깻잎(일반),200,253,00,04,1101
깻잎,깻잎,깻잎(1kg),대전,역전,2025-01-16,13700,1kg,깻잎(일반),200,253,00,04,1101
깻잎,깻잎,깻잎(1kg),대전,A-유통,2025-01-16,37300,1kg,깻잎(일반),200,253,00,04,1101
깻잎,깻잎,깻잎(1kg),대전,E-유통,2025-01-16,49800,1kg,깻잎(일반),200,253,00,04,1101
깻잎,깻잎,깻잎(1kg),울산,신정,2025-01-16,17300,1kg,깻잎(일반),200,253,00,04,1101
깻잎,깻잎,깻잎(1kg),울산,B-유통,2025-01-16,22800,1kg,깻잎(일반),200,253,00,04,1101
깻잎,깻잎,깻잎(1kg),세종,C-유통,2025-01-16,24700,1kg,깻잎(일반),200,253,00,04,1101
깻잎,깻잎,깻잎(1kg),수원,지동,2025-01-16,20300,1kg,깻잎(일반),200,253,00,04,1101
깻잎,깻잎,깻잎(1kg),수원,B-유통,2025-01-16,24000,1kg,깻잎(일반),200,253,00,04,1101
깻잎,깻잎,깻잎(1kg),성남,B-유통,2025-01-16,31800,1kg,깻잎(일반),200,253,00,04,1101
깻잎,깻잎,깻잎(1kg),고양,B-유통,2025-01-16,33800,1kg,깻잎(일반),200,253,00,04,1101
깻잎,깻잎,깻잎(1kg),고양,J-유통,2025-01-16,33200,1kg,깻잎(일반),200,253,00,04,1101
깻잎,깻잎,깻잎(1kg),용인,C-유통,2025-01-16,24700,1kg,깻잎(일반),200,253,00,04,1101
깻잎,깻잎,깻잎(1kg),춘천,중앙,2025-01-16,29100,1kg,깻잎(일반),200,253,00,04,1101
깻잎,깻잎,깻잎(1kg),강릉,A-유통,2025-01-16,37300,1kg,깻잎(일반),200,253,00,04,1101
깻잎,깻잎,깻잎(1kg),청주,육거리,2025-01-16,25000,1kg,깻잎(일반),200,253,00,04,1101
깻잎,깻잎,깻잎(1kg),청주,B-유통,2025-01-16,28500,1kg,깻잎(일반),200,253,00,04,1101
깻잎,깻잎,깻잎(1kg),천안,C-유통,2025-01-16,24700,1kg,깻잎(일반),200,253,00,04,1101
깻잎,깻잎,깻잎(1kg),전주,남부,2025-01-16,18100,1kg,깻잎(일반),200,253,00,04,1101
깻잎,깻잎,깻잎(1kg),전주,C-유통,2025-01-16,24700,1kg,깻잎(일반),200,253,00,04,1101
깻잎,깻잎,깻잎(1kg),순천,역전,2025-01-16,21600,1kg,깻잎(일반),200,253,00,04,1101
깻잎,깻잎,깻잎(1kg),순천,A-유통,2025-01-16,37300,1kg,깻잎(일반),200,253,00,04,1101
깻잎,깻잎,깻잎(1kg),포항,죽도,2025-01-16,20000,1kg,깻잎(일반),200,253,00,04,1101
깻잎,깻잎,깻잎(1kg),포항,E-유통,2025-01-16,49800,1kg,깻잎(일반),200,253,00,04,1101
깻잎,깻잎,깻잎(1kg),안동,C-유통,2025-01-16,24700,1kg,깻잎(일반),200,253,00,04,1101
깻잎,깻잎,깻잎(1kg),창원,상남,2025-01-16,22400,1kg,깻잎(일반),200,253,00,04,1101
깻잎,깻잎,깻잎(1kg),창원,C-유통,2025-01-16,33000,1kg,깻잎(일반),200,253,00,04,1101
깻잎,깻잎,깻잎(1kg),김해,A-유통,2025-01-16,37300,1kg,깻잎(일반),200,253,00,04,1101
깻잎,깻잎,깻잎(1kg),제주,동문,2025-01-16,23300,1kg,깻잎(일반),200,253,00,04,1101
깻잎,깻잎,깻잎(1kg),제주,E-유통,2025-01-16,42700,1kg,깻잎(일반),200,253,00,04,1101
